﻿Company,Industry,Location ,Revnue,Profit,Date
Apple,IT,New York,30000,5,02-04-2018
Walmart,IT,India,50000,2,10-04-2018
Simens,Telecom,Ontario,2000,4,12-05-2018
Fidility,CS,US,5000,3,15-05-2018
Zensar,Logistic,Auckland,8900,5,20-06-2018
Conduent,ITES,Sydney,7500,6,21-02-2018
Samsung,Telecom,Korea,3400,7,23-02-2018
Perifos,IT,India,9800,8,11-05-2018
Veriphone,Logistic,New Jersy,2300,2,25-08-2018
Simens,ola,Ontario,20000,4,12-03-2018
Walmart,ms,India,5000,2,21-02-2018
Apple,cs,New York,3000,5,11-03-2018
Apple,IT,New York,30000,5,02-04-2018
Walmart,IT,India,50000,2,10-04-2018
Simens,Telecom,Ontario,2000,4,12-05-2018
Fidility,CS,US,5000,3,15-05-2018
Zensar,Logistic,Auckland,8900,5,20-06-2018
Conduent,ITES,Sydney,7500,6,21-02-2018
Samsung,Telecom,Korea,3400,7,23-02-2018
Perifos,IT,India,9800,8,11-05-2018
Veriphone,Logistic,New Jersy,2300,2,25-08-2018
Simens,ola,Ontario,20000,4,12-03-2018
Walmart,ms,India,5000,2,21-02-2018
Apple,cs,New York,3000,5,11-03-2018
